"Id","Name","ScreenName"
"1062359582-id","Sheryl Klein Lavi???????","TheSherylKlein"
"243665363-id","Liliana Aidé Monge (She/Her/Ella)","mongeliliana"
"459860328-id","julie?","JulieMendoza206"
"273830767-id","????","rahul_pushkarna"
"2240152338-id","Max","maxfwinter"
"1191670412033196032-id","jason comer","jason_in_japan"
"2638518929-id","Jen Powers","jenkpowers"
"3007236186-id","Si","Si_ximujin"
"838824636158627840-id","mimi","FindingMeeemo"
"2997635012-id","Jared Podnos","jpodnos"
"1596449330-id","Michael Horan","HoranMikeS"
"22178537-id","Eric Martin ??","ericmartinyc"
"853388192-id","Haim Vaturi","haimvat"
"13130832-id","Brian Kahrs","briankahrs"
"49936717-id","Kobe Sam","vincethecoder"
"1171940098687950848-id","#PartnerCup ???????????","HackerScorer"
"137535997-id","sunscreenpapi","sunscreenpapi"
"15824980-id","Khalil Hammami","khammami"
"61467706-id","miss mixtape","miss_mixtape"
"211637915-id","Maria","athay20m"
"1484826829-id","Twum Jnr","twum_jnr"
"75263523-id","Sprinklr","Sprinklr"
"2584784815-id","Ryan J. Gallagher","ryanjgallag"
"2990106209-id","John M. Spallanzani","JohnSpall247"
"2533768586-id","Selynna Sun","selynnasun"
"1637021982-id","Raina Merchant, MD MSHP","RainaMerchant"
"1280128841550311424-id","AnyxCode","AnyxCode"
"2425259995-id","Md Nahid Islam","nahidofficialbd"
"685863-id","Mike Zitek","mjzitek"
"952837155818176512-id","Jaime","JaimeOtraVez"
"248869046-id","Antoine Danois","Antoinedroid"
"104236352-id","Matthieu V","Mistermatt007"
"1615654896-id","Penn Med CDH","PennMedCDH"
"29970507-id","Royce Haynes","roycehaynes"
"1168345391135371267-id","Donna Virga","deevirga"
"124005464-id","kelly-ayo","KellyAyo"
"3921628635-id","James Loduca","JamesLoduca"
"31898295-id","Matt Derella","Derella"
"2397965574-id","Rebecca","RebeccaW"
"760738503370084352-id","Chels ??","ChelseaHipwood"
"41204968-id","Andy Antos","andyantos"
"2276100433-id","Mirela Anghel","_mirels_"
"495741050-id","Arielle Schwartz ?","arisirenita"
"340611224-id","Mauro Piano","mauropiano"
"16981198-id","A Knee","anniehanannie"
"32416361-id","Matt ?","mattjbones"
"379455191-id","albert felix","artxbel"
"6453472-id","farez","farez"
"292670084-id","Dave Carroll","thedavecarroll"
"1700547000-id","Flávio Santos ??","Sr__Half"
"3347115521-id","Elisabeth ?????? Instagram @betymaisvc2010","vice_elisabete"
"783677076951924739-id","Luis Francisco","_luisf02"
"88262421-id","Gibby","GibbyBlogger"
"3349202854-id","????? ??","kenzaaa__75"
"14184976-id","Evan Holt","evanholt"
"160348679-id","Osama Stin Laden","not_stin"
"154236280-id","Shagun Chopra","Chopra_Shagun"
"948097629409263616-id","Tian Z","tianz_zzz"
"2469856424-id","Bolá??","bolaboss"
"866879520359448577-id","Wooju oppa?","WoojuGG"
"490980933-id","tyler","replylord"
"1140344288082944000-id","Lauren Pinnella Traylor","laur_tray"
"1181081146227970049-id","Amber (Brown) Hodge","AmberAlBrown"
"261034930-id","kiran paul","kdspaul"
"1565770556-id","TwitPane(???????)","twitpane"
"1438844202-id","Duraid Abdul","duraidabdul"
"76540643-id","Ramiro","ramiro__nd"
"265104070-id","Amy Lee Bennett","amyleeis"
"2349201699-id","Niklas","NiklasBuelow"
"2776322588-id","Mohd Danish","mddanishyusuf"
"712198542-id","Boris Holzer","boris_holzer"
"49054165-id","Benoît","benoitsan"
"3064903881-id","miguel ???","migueloiro"
"2894082393-id","ivanna","ivnnapna"
"19081905-id","Chris","ChrisTeso"
"105224601-id","Joe Masilotti","joemasilotti"
"2308474213-id","Josh W. Comeau","JoshWComeau"
"1090221700913029123-id","Matias ?","matiNotFound"
"14089924-id","George Shaheen","gshaheen"
"948868526-id","sruthika ???","akihturs"
"2206101780-id","Ignacio Chiazzo","IgnacioChiazzo"
"1140621092006051840-id","Alvin","raia_alvin"
"252824570-id","Matthew Sunner","sunnermatt"
"326849698-id","Makenna Smutz","KenzSmutz"
"37522774-id","Ralph Brooks","ralphbrooks"
"277202420-id","Seun Oyebode","seunoyebode"
"1095357061859328000-id","Torben Haack","trbnhck"
"2359333566-id","?Arvind Kumar","1amarvind"
"19489255-id","David Stockley","WDUK"
"19536178-id","webmonkey ?","sebastianroming"
"761569626685833216-id","Jannik Schwade","jannik_schwade"
"715071139-id","Hussain","_7aso0on"
"839668676-id","?????","DarylOwenJ"
"618029513-id","Hatice Edis ?","edisdev"
"1934669329-id","Ian Kirker","ikirker"
"194811144-id","Jonathan Laurin","jolaurin24"
"38292395-id","Alfonso GJ","alfongj"
"5177-id","Serdar Kiliç","serdar"
"1057825998-id","Chma","chmanw"
"13148-id","Liam","inky"
